regional_id,regional
1,Alto Uruguai Catarinense
2,Alto Vale Do Itajaí
3,Centro - Norte
4,Centro - Oeste
5,Foz Do Rio Itajaí
6,Norte - Nordeste
7,Oeste
8,Planalto Norte
9,Sudeste
10,Sul
11,Vale Do Itajaí Mirim
